Gold,Silver,Largecap Stocks,Midcap Stocks,Smallcap Stocks,Banking & Finance Sector,PSU Bank Sector,NBFC Sector,Public Sector Enterprise,Low Volatility Index,IT Sector,Gsecs - Bonds,Liquid Funds,Consumption Sector,Metal Sector,Auto Sector,EV Sector,Healthcare Sector,Pharma Sector,Oil and Gas Sector,Infra Sector,FMCG Sector,Manufacturing Sector,Defence Sector,China Market,Commodities,USA Market,Reality Sector,Capital Markets & Insurance,Select IPO Index
BBNPPGOLD,AXISILVER,HDFCSENSEX,MOMENTUM,HDFCSML250,BANKBETF,PSUBANKADD,FINIETF,ABSLPSE,HDFCLOWVOL,NIFITETF,ABGSEC,ABSLLIQUID,CONSUMIETF,METALIETF,AUTOIETF,GROWWEV,HEALTHADD,PHARMABEES,OILIETF,INFRABEES,FMCGIETF,MAKEINDIA,GROWWDEFNC,HNGSNGBEES,COMMOIETF,MONQ50,MOREALTY,ECAPINSURE,SELECTIPO
GROWWGOLD,SILVERIETF,SENSEXIETF,NIFTYQLITY,MOSMALL250,BBNPNBETF,HDFCPSUBK,,CPSEETF,LOWVOL1,ITIETF,GSEC10ABSL,LIQUIDBETF,SBIETFCON,METAL,AUTOBEES,EVINDIA,HEALTHIETF,,,INFRAIETF,,,MODEFENCE,MAHKTECH,,MON100,,MOCAPITAL,
GOLDETFADD,SILVERBEES,UTISENSETF,HDFCMID150,SMALLCAP,BANKETFADD,PSUBNKIETF,,ICICIB22,LOWVOL,IT,LICNETFGSC,LIQUIDADD,AXISCETF,,,,AXISHCETF,,,,,,,,,MAFANG,,,
EGOLD,SILVERADD,LICNETFSEN,HDFCMOMENT,,PVTBANKADD,PSUBNKBEES,,GROWWRAIL,LOWVOLIETF,AXISTECETF,GSEC10IETF,LIQUIDBEES,CONSUMBEES,,,,HEALTHY,,,,,,,,,,,,
GOLDBEES,ESILVER,NETF,MOM30IETF,,EBANKNIFTY,PSUBANK,,,ALPL30IETF,SBIETFIT,GSEC10YEAR,HDFCLIQUID,CONS,,,,MOHEALTH,,,,,,,,,,,,
GOLDIETF,HDFCSILVER,TOP100CASE,QUAL30IETF,,HDFCPVTBAN,BANKPSU,,,HDFCBSE500,ITBEES,SETF10GILT,LIQUID1,CONSUMER,,,,,,,,,,,,,,,,
SETFGOLD,SILVER1,SBINEQWETF,LICNMID100,,BANKETF,,,,MONIFTY500,TECH,GILT5YBEES,LIQUID,,,,,,,,,,,,,,,,,
HDFCGOLD,SILVRETF,NV20IETF,MIDCAPETF,,UTIBANKETF,,,,BSE500IETF,TNIDETF,MOGSEC,LIQUIDPLUS,,,,,,,,,,,,,,,,,
AXISGOLD,SILVER,NV20,ALPHAETF,,BANKIETF,,,,,ITETF,GSEC5IETF,GROWWLIQID,,,,,,,,,,,,,,,,,
GOLD1,SBISILVER,NV20BEES,MOMOMENTUM,,BANKBEES,,,,,MNC,LTGILTBEES,LIQUIDETF,,,,,,,,,,,,,,,,,
GOLDSHARE,TATSILV,TOP10ADD,SBIETFQLTY,,ABSLBANETF,,,,,HDFCNIFIT,NIF10GETF,LIQUIDIETF,,,,,,,,,,,,,,,,,
BSLGOLDETF,SILVERETF,NEXT50IETF,MOM100,,BANKNIFTY1,,,,,ITETFADD,NIF5GETF,LIQUIDSBI,,,,,,,,,,,,,,,,,
QGOLDHALF,,JUNIORBEES,MOLOWVOL,,SETFNIFBK,,,,,,SDL26BEES,LIQUIDSHRI,,,,,,,,,,,,,,,,,
LICMFGOLD,,UTINEXT50,MIDCAPIETF,,HDFCNIFBAN,,,,,,EBBETF0425,LIQUIDCASE,,,,,,,,,,,,,,,,,
IVZINGOLD,,SETFNN50,MIDQ50ADD,,AXISBNKETF,,,,,,EBBETF0430,,,,,,,,,,,,,,,,,,
GOLDETF,,ABSLNN50ET,MID150BEES,,BFSI,,,,,,EBBETF0431,,,,,,,,,,,,,,,,,,
TATAGOLD,,NEXT50,MIDCAP,,PVTBANIETF,,,,,,BBETF0432,,,,,,,,,,,,,,,,,,
GOLDCASE,,NIFTYBEES,VAL30IETF,,SBIETFPB,,,,,,AXISBPSETF,,,,,,,,,,,,,,,,,,
UNIONGOLD,,NIFTYETF,MIDSELIETF,,NPBET,,,,,,EBBETF0433,,,,,,,,,,,,,,,,,,
GOLD360,,SETFNIF50,NIFMID150,,,,,,,,,,,,,,,,,,,,,,,,,,
,,NIFTY1,MID150CASE,,,,,,,,,,,,,,,,,,,,,,,,,,
,,NIFTYIETF,MOMENTUM50,,,,,,,,,,,,,,,,,,,,,,,,,,
,,BSLNIFTY,ALPHA,,,,,,,,,,,,,,,,,,,,,,,,,,
,,HDFCNIFTY,MIDSMALL,,,,,,,,,,,,,,,,,,,,,,,,,,
,,AXISNIFTY,,,,,,,,,,,,,,,,,,,,,,,,,,,
,,LICNETFN50,,,,,,,,,,,,,,,,,,,,,,,,,,,
,,UTINIFTETF,,,,,,,,,,,,,,,,,,,,,,,,,,,
,,MOM50,,,,,,,,,,,,,,,,,,,,,,,,,,,
,,IDFNIFTYET,,,,,,,,,,,,,,,,,,,,,,,,,,,
,,QNIFTY,,,,,,,,,,,,,,,,,,,,,,,,,,,
,,IVZINNIFTY,,,,,,,,,,,,,,,,,,,,,,,,,,,
,,EQUAL50ADD,,,,,,,,,,,,,,,,,,,,,,,,,,,
,,NIFTY50ADD,,,,,,,,,,,,,,,,,,,,,,,,,,,
,,NAVINIFTY,,,,,,,,,,,,,,,,,,,,,,,,,,,
,,NIF100IETF,,,,,,,,,,,,,,,,,,,,,,,,,,,
,,LICNFNHGP,,,,,,,,,,,,,,,,,,,,,,,,,,,
,,SENSEXETF,,,,,,,,,,,,,,,,,,,,,,,,,,,
,,HDFCVALUE,,,,,,,,,,,,,,,,,,,,,,,,,,,
,,HDFCNEXT50,,,,,,,,,,,,,,,,,,,,,,,,,,,
,,HDFCNIF100,,,,,,,,,,,,,,,,,,,,,,,,,,,
,,BSLSENETFG,,,,,,,,,,,,,,,,,,,,,,,,,,,
,,UTISXN50,,,,,,,,,,,,,,,,,,,,,,,,,,,
,,AXSENSEX,,,,,,,,,,,,,,,,,,,,,,,,,,,
,,NIFTYBETF,,,,,,,,,,,,,,,,,,,,,,,,,,,
,,SENSEXADD,,,,,,,,,,,,,,,,,,,,,,,,,,,
,,HDFCQUAL,,,,,,,,,,,,,,,,,,,,,,,,,,,
,,MOVALUE,,,,,,,,,,,,,,,,,,,,,,,,,,,
,,MOQUALITY,,,,,,,,,,,,,,,,,,,,,,,,,,,
,,NIF100BEES,,,,,,,,,,,,,,,,,,,,,,,,,,,
,,ESG,,,,,,,,,,,,,,,,,,,,,,,,,,,
,,SHARIABEES,,,,,,,,,,,,,,,,,,,,,,,,,,,
,,HDFCGROWTH,,,,,,,,,,,,,,,,,,,,,,,,,,,
,,DIVOPPBEES,,,,,,,,,,,,,,,,,,,,,,,,,,,
,,MULTICAP,,,,,,,,,,,,,,,,,,,,,,,,,,,
,,EMULTIMQ,,,,,,,,,,,,,,,,,,,,,,,,,,,
,,MASPTOP50,,,,,,,,,,,,,,,,,,,,,,,,,,,
,,NEXT30ADD,,,,,,,,,,,,,,,,,,,,,,,,,,,
,,MSCIINDIA,,,,,,,,,,,,,,,,,,,,,,,,,,,
,,AONETOTAL,,,,,,,,,,,,,,,,,,,,,,,,,,,
,,GROWWN200,,,,,,,,,,,,,,,,,,,,,,,,,,,
,,NIFTY100EW,,,,,,,,,,,,,,,,,,,,,,,,,,,
,,EQUAL200,,,,,,,,,,,,,,,,,,,,,,,,,,,
